,Past,Present,Future
Past,99.769319,0.230681,0.0
Present,0.341297,99.488055,0.170648
Future,0.0,0.0,100.0
